label,final,fullnopunc
contradiction,old man package pose front advertisement,An old man with a package poses in front of an advertisement
contradiction,calf roping cowboy call horse,During calf roping a cowboy calls off his horse
contradiction,people jump mountain crevasse rope,People jump over a mountain crevasse on a rope
contradiction,man looking bicycle rear wheel maintenance garage various tool visible background,A man looking over a bicycles rear wheel in the maintenance garage with various tools visible in the background
contradiction,three people sit bench station man look oddly two woman redheaded woman look forward awkward position yellow blond girl twiddle hair,Three people sit on a bench at a station the man looks oddly at the two women the redheaded women looks up and forward in an awkward position and the yellow blond girl twiddles with her hair
contradiction,three girl blow candle cake made peep,Three girls blow out the candles of a cake made of Peeps
contradiction,man woman taking picture woman scarf walk them,A man and woman are taking a picture of themselves while a woman in a scarf walks by them
contradiction,child library step,This child is on the library steps
contradiction,group adult stand bathroom looking small child bath,A group of adults stands in the bathroom looking down a small child in the bath
contradiction,frowning old man military cap civilian suit stand amongst crowd people outdoors carrying sign balloon,A frowning old man in a military cap and a civilian suit stands amongst a crowd of people outdoors carrying signs and balloons
contradiction,biker race,A biker races
contradiction,golden dog pass blue ball another golden dog beach,A golden dog passes a blue ball to another golden dog on the beach
contradiction,everyone street city seem busy thing,Everyone on the street in the city seem to be busy doing their own thing
contradiction,people riding bicycle street wearing helmet,People are riding bicycles in the street and they are all wearing helmets
contradiction,guy girl look mountain range,A guy and a girl look down a mountain range
contradiction,standing man talk seated woman sort vehicle,A standing man talks to a seated woman while on some sort of vehicle
contradiction,several men bar watch sport game television,Several men at a bar watch a sports game on the television
contradiction,two roadside worker lime green safety jacket white hard hat glove construction cone background,Two roadside workers with lime green safety jackets white hard hats and gloves on with construction cones in the background
contradiction,climber wearing red headband pulling gray rock high green foliage,a climber wearing a red headband is pulling himself up some gray rocks high above some green foliage
contradiction,old shoemaker factory,an old shoemaker in his factory
contradiction,four young girl playing water,Four young girls playing in the water
contradiction,four boy hit approaching wave,Four boys are about to be hit by an approaching wave
contradiction,couple enjoying meal bunch dog take nap,couples enjoying a meal while a bunch of dogs take a nap
contradiction,white duck expanding wing water,A white duck expanding its wings in the water
contradiction,two men wearing dirty clothing sitting sidewalk dog begging money using cardboard sign,Two men wearing dirty clothing are sitting on a sidewalk with their dog and begging for money using a cardboard sign
contradiction,boy swim shirtless black red bathing suit seagull sits sand,A boy swims shirtless with a black and red bathing suit while a seagull sits on the sand
contradiction,female runner dressed blue athletic wear running competition spectator line street,A female runner dressed in blue athletic wear is running in a competition while spectators line the street
contradiction,young boy red leaping sand playground,A young boy in red leaping into sand at a playground
contradiction,man long white beard examining camera another man black shirt background,A man with a long white beard is examining a camera and another man with a black shirt is in the background
contradiction,four woman taking walk icy road,Four women are taking a walk down an icy road
contradiction,five young men loft one holding whiteboard one making shaka sign front television,Five young men are in a loft with one holding a whiteboard and one making a shaka sign in front of the television
contradiction,people seated long table facing direction writing watching,People seated at long tables all facing the same direction some writing and some watching
contradiction,car loaded item top,A car is loaded with items on the top
contradiction,man sitting floor sleeping,A man is sitting on the floor sleeping
contradiction,brown dog jump obstacle,A brown dog jumps over an obstacle
contradiction,group people watch breakdancer red jacket one-handed trick,A group of people watch a breakdancer in a red jacket do a one-handed trick
contradiction,black man wearing red belt white man wearing blue belt pictured act practicing martial art inside building woman looking background,A black man wearing a red belt and a white man wearing a blue belt are pictured in the act of practicing martial arts inside a building with a woman looking on in the background
contradiction,skier ski-jumping two skier watch act,A Skier ski-jumping while two other skiers watch his act
contradiction,three child hold boy arm another boy hat shoot water gun him,Three children hold a boys arms down while another boy in a hat shoots a water gun at him
contradiction,three child hold boy arm another boy hat shoot water gun him,Three children hold a boys arms down while another boy in a hat shoots a water gun at him
contradiction,schoolgirl jumping low hurdle,A schoolgirl is jumping over a low hurdle
contradiction,announcement everybody beach,Here is an announcement for everybody about the beach
contradiction,group men boy look upwards something,A group of men and boys look upwards at something
contradiction,person dressed winter clothes pose snowman surrounded snow covered landscape,A person dressed in winter clothes poses with a snowman surrounded by snow covered landscape
contradiction,man white sweater look press box onto pitch,Man in white sweater looks from his press box onto the pitch
contradiction,man holding sort vegetable wife red sweater stare side daughter red sweater look camera,A man holding some sort of vegetables while his wife in a red sweater stares to the side and his daughter in a red sweater looks at the camera
contradiction,indian men selling food item sidewalk,Indian men selling food items on the sidewalk
contradiction,man walk cow dirt sidewalk,A man walks with a cow down a dirt sidewalk
contradiction,man aerodynamic gear riding bicycle road around sharp curve,A man in aerodynamic gear riding a bicycle down a road around a sharp curve
contradiction,two woman one wearing blue striped shirt wearing flowered shirt riding horse,Two woman one wearing a blue striped shirt and the other wearing a flowered shirt are riding horses
contradiction,girl laying ground cellphone,A girl laying on the ground on her cellphone
contradiction,boy kneeling skateboard riding street,A boy kneeling on a skateboard riding down the street
contradiction,shipyard worker standing around,Shipyard workers are standing around
contradiction,person crossing bridge train track,A person crossing a bridge with train tracks
contradiction,man black business suit stand upright next man wearing blue leaning railing,A man in a black business suit stands upright next to a man wearing blue and leaning against a railing
contradiction,military personnel shopping,Military personnel are shopping
contradiction,two black lab run one carrying orange dog toy,Two black labs run one carrying an orange dog toy
contradiction,smiling man baby girl posing photo,A smiling man and a baby girl posing for photo
contradiction,ambulance passing man wearing bandanna girl,An Ambulance is passing a man wearing a bandanna and girl
contradiction,bicyclist ride course near ocean day come end,Bicyclist ride the course near the ocean as the day comes to an end
contradiction,woman holding bag behind plantain,A woman holding bags behind plantains
contradiction,man wearing black pant ride along concrete ledge rollerblade,A man wearing black pants rides along a concrete ledge on rollerblades
contradiction,dog running snow,Dog running through the snow
contradiction,caucasian man wearing red plaid bottom black vest large button tattoo one arm upside unicycle balancing mouth,A caucasian man wearing red plaid bottoms and a black vest with large buttons with a tattoo on one arm has an upside down unicycle balancing on his mouth
contradiction,rock band stage immersed light show,Rock band on stage immersed in light show
contradiction,sooner football player carrying ball trying avoid tackled,The Sooner football player carrying the ball is trying to avoid being tackled
contradiction,concert blue shirted boy front light shining back,A concert with a blue shirted boy in the front and light shining in the back
contradiction,concert blue shirted boy front light shining back,A concert with a blue shirted boy in the front and light shining in the back
contradiction,band performing local bar club,A band performing at a local bar or club
contradiction,woman sits market sell good dog,A woman sits in a market where she sells goods with her dog
contradiction,two worker leaf blower blow orange leaf patch grass next wet sidewalk,Two workers with leaf blowers blow orange leaves off patches of grass next to a wet sidewalk
contradiction,worker wearing orange vest work fence,Workers wearing orange vests work on fence
contradiction,older gentleman wearing hat walking crutch next busy street,An older gentleman wearing a hat is walking on crutches next to a busy street
contradiction,toddler sitting next another girl slightly older using bubble machine blow large bubble air,A toddler sitting next to another girl who is slightly older is using a bubble machine to blow a large bubble into the air
contradiction,elderly man talking young boy table produce,An elderly man talking to a young boy by a table of produce
contradiction,child buried sand,A child buried in the sand
contradiction,laughing man sitting camp chair arm outstretched man black shirt next stuffing face,A laughing man is sitting in a camp chair with his arms outstretched while a man in a black shirt next to him is stuffing his face
contradiction,dog cow play together inside fence,A dog and a cow play together inside the fence
contradiction,lady blue white tube top take picture disposable camera another lady bag flash piece sign background,A lady in a blue and white tube top takes her own picture with a disposable camera while another lady with a bag flashes a piece sign in the background
contradiction,woman blue dress carrying black purse ride scooter street,Woman in a blue dress and carrying a black purse rides a scooter down the street
contradiction,female beach volleyball player either side net one looking spike ball teammate watch blue sky background,Female beach volleyball players on either side of a net with one looking to spike the ball as her teammate watches with the blue sky in the background
contradiction,elderly woman white jacket walking past brick wall using cain support herself,An elderly woman in a white jacket walking past a brick wall using a cain to support herself
contradiction,child blond-hair looking screen door,A child with blond-hair looking out of a screen door
contradiction,four entertainer dressed roman style garb performing outdoor theater,Four entertainers dressed in Roman style garb are performing at an outdoor theater
contradiction,motorcycle rider going bump,Motorcycle rider going over a bump
contradiction,two middle-aged police officer watch parking lot night,Two middle-aged police officers watch over a parking lot at night
contradiction,large black white dog licking smaller white black dog growling,A large black and white dog is licking a smaller white and black dog who is growling
contradiction,bicycle rider wearing racing gear pedal yellow bike past wire fence edge field stand tree background,A bicycle rider wearing racing gear pedals a yellow bike past the wire fence at the edge of a field with a stand of trees in the background
contradiction,white male office setting wearing gray dress shirt black dress pant black dress shoe jump roping smiling,A white male in and office setting wearing a gray dress shirt and black dress pants with black dress shoes is jump roping and smiling
contradiction,boy running spinning metal tunnel playground,A boy is running in a spinning metal tunnel in the playground
contradiction,girl green coat walk rural road playing flute,A girl in a green coat walks down a rural road playing a flute
contradiction,boy woman top large rock sunset,A boy and a woman are on top of large rocks at sunset
contradiction,blond woman looking camera brunette woman holding front wall several piece art it,A blond woman is looking at a camera that a brunette woman is holding in front of a wall with several pieces of art on it
contradiction,boy wearing shirt simpson character ralph wiggum play nintendo d sister,A boy wearing a shirt with the Simpsons character Ralph Wiggum plays a Nintendo DS with his sister
contradiction,two child looking telescope city street boy using step ladder see eyeglass,Two children are looking through a telescope on a city street and the boy is using a step ladder to see through the eyeglass
contradiction,man stand load box near pizza restaurant,A man stands by a load of boxes near a pizza restaurant
contradiction,basketball player white red go shot two defensive men red jump block shot,A basketball player in white in red goes up for the shot as two defensive men in red jump up to block the shot
contradiction,man tank top fixing hotdog,A man in a tank top fixing himself a hotdog
contradiction,man tank top fixing hotdog,A man in a tank top fixing himself a hotdog
contradiction,man wearing cap pushing cart large display board kept road,A man wearing a cap is pushing a cart on which large display boards are kept on a road
contradiction,scientist study slide order work new creation,A scientist studies a slide in order to work on her new creation
contradiction,person dressed jacket long pant walk snow-covered street small town,A person dressed in a jacket and long pants walks down a snow-covered street in a small town
contradiction,big black poodle running grass toy mouth,A big black poodle running on the grass with a toy in its mouth
contradiction,girl short hair white shirt holding beer bottle,A girl with short hair and a white shirt is holding a beer bottle
contradiction,mother daughter meeting first time,Mother and daughter are meeting for the first time
contradiction,young boy red shirt jean resists sister request water road,The young boy in a red shirt and jeans resists his sisters request for water on the road
contradiction,two kilted men one older holding bagpipe one drum,There are two kilted men one of them older and is holding bagpipes with the other one with a drum
contradiction,girl black pant lowering camera onto running track,A girl with black pants on is lowering a camera onto the running track
contradiction,man bicycle ride past park group people background,A man on a bicycle rides past a park with a group of people in the background
contradiction,stick figure middle street,Stick figures in the middle of the street
contradiction,band singing playing electric guitar crowd people,A band singing and playing electric guitar for a crowd of people
contradiction,brown dog coming orange yellow tunnel,a brown dog coming out of an orange and yellow tunnel
contradiction,man suit cheering library front child,A man in a suit cheering in a library in front of children
contradiction,couple look camera foreground filled balloon,A couple look into the camera as the foreground is filled with balloons
contradiction,two men laying floor tile doorway,Two men are laying floor tiles in a doorway
contradiction,four african boy playing soccer,Four African boys playing soccer
contradiction,four african boy playing soccer,Four African boys playing soccer
contradiction,man green shirt large beige hat supervising newsstand sell snack drink,A man in a green shirt and large beige hat is supervising a newsstand that sells snacks and drinks
contradiction,man hold rope boy who climb wall,A man holds a rope for a boy whos about to climb a wall
contradiction,man wielding electric razor gleefully shaving away another man hair,A man wielding an electric razor is gleefully shaving away another mans hair
contradiction,man wearing denim jacket jean weld bridge water wearing safety mask,A man wearing a denim jacket and jeans welds on a bridge above water while wearing his safety mask
contradiction,eastern vendor sits stall rooster nearby,An Eastern vendor sits by his stall with a rooster nearby
contradiction,boy splashed swimming pool,A boy is being splashed in a swimming pool
contradiction,man bike sun beating background launched dirt ramp coming back down,A man on a bike with the sun beating down in the background just launched off of a dirt ramp and is coming back down
contradiction,child playing two broom front pine tree light it,a child playing with two brooms in front of a pine tree with lights on it
contradiction,man blue jacket standing table back camera,A man in a blue jacket standing at a table with his back to the camera
contradiction,two men later year one wearing hat wearing glass fixing sort machine,Two men in their later years one wearing a hat the other wearing glasses are fixing some sort of machine
contradiction,front brick house straw roof figure three child stand two holding square blackboard,In front of a brick house with a straw roof and some figures three children stand two of them holding squares of blackboard
contradiction,man white shirt dark short red cap standing small green rowboat green oar middle appears shallow river bank tall dried grass,A man in a white shirt dark shorts and a red cap is standing in a small green rowboat with green oars in the middle of what appears to be a shallow river against a bank of tall dried grasses
contradiction,man wearing welding mask working duct,A man wearing a welding mask working on a duct
contradiction,boy red jacket balck hat sliding knee snowy hill,A boy in a red jacket and balck hat sliding on his knees down a snowy hill
contradiction,man woman talk another woman looking concerned room decorated streamer balloon,A man and woman talk to another woman all looking concerned in a room being decorated with streamers and balloons
contradiction,three friend talking,Three friends are talking
contradiction,music concerto happening stage light spot audience listens dark,A music concerto is happening on stage with the lights on spot while the audience listens in the dark
contradiction,three black people two men one woman middle small rural street piling item top taxi cab net dangling top windshield two child two people nearby,Three black people two men and one woman in the middle of a small rural street are piling up items on top of a taxi cab with a net dangling down on top of the windshield while two children and two other people are nearby
contradiction,"woman american military uniform sits table writes word ""sad"" ""depressed"" ""hatred"" large sheet white paper","A woman in an American military uniform sits at a table and writes the words ""sad"" ""depressed"" and ""hatred"" on a large sheet of white paper"
contradiction,man short mohawk beard,A man in a short Mohawk and beard
contradiction,two woman standing fence talking cellphone two men sitting opposite side fence conversation,Two women standing at a fence are each talking on their cellphones while two men sitting on the opposite side of the fence are having a conversation
contradiction,two woman standing fence talking cellphone two men sitting opposite side fence conversation,Two women standing at a fence are each talking on their cellphones while two men sitting on the opposite side of the fence are having a conversation
contradiction,two kid black trunk bouncing wet trampoline,Two kids in black trunks bouncing on a wet trampoline
contradiction,two girl kissing man black shirt brown hair cheek,Two girls kissing a man with a black shirt and brown hair on the cheeks
contradiction,lab tech looking microscope lab,Lab tech looking through a microscope in a lab
contradiction,crowd gathered either side soap box derby single soap box car road track,A crowd gathered on either side of a soap box derby with a single soap box car on the road track
contradiction,guy uniform standing side boat moving water,Guy in uniform standing on the side of a boat moving through the water
contradiction,person indeterminate sex wearing dark hat neutral pant red shirt walking rocky slope high altitude daytime,A person of indeterminate sex wearing a dark hat neutral pants and a red shirt walking up a rocky slope at high altitude in the daytime
contradiction,table art camp pamphlet it young woman older man painting ceramic supervision blond woman wearing name tag,At a table with an art camp pamphlet on it a young woman and an older man are painting ceramics under the supervision of a blond woman wearing a name tag
contradiction,man wearing short look cellphone woman walk outside small building,A man wearing shorts looks at his cellphone while a woman walks outside a small building
contradiction,runner wearing purple strives finish line,A runner wearing purple strives for the finish line
contradiction,man wearing feather head dressed native american costume stand front crowd people street,A man wearing feathers on his head and dressed in a Native American costume stands in front of a crowd of people on the street
contradiction,man stand arm inside large green piece equipment,A man stands with his arms out inside a large green piece of equipment
contradiction,people walk bicycle alley white building blue trim,People walk and bicycle down an alley between white buildings with blue trim
contradiction,people walk bicycle alley white building blue trim,People walk and bicycle down an alley between white buildings with blue trim
contradiction,woman wearing black top glass speaking blue tipped microphone another woman beside writing,Women wearing a black top and glasses speaking into a blue tipped microphone with another woman beside her writing
contradiction,woman brown hair sitting bench outside cafe,a woman with brown hair sitting on a bench outside a cafe
contradiction,group men playing music man holding guitar talking man drum,A group of men playing music the man holding a guitar is talking to a man with drums
contradiction,cement worker working new sidewalk outside clothing store,A cement worker is working on a new sidewalk outside of a clothing store
contradiction,man woman posing picture,A man a woman posing for a picture
contradiction,golfer shoot ball sand trap,A golfer shoots his ball out of a sand trap
contradiction,golfer shoot ball sand trap,A golfer shoots his ball out of a sand trap
contradiction,"woman hold newspaper say ""real change""","A woman holds a newspaper that says ""Real change"""
contradiction,four men baseball cap logo t-shirt laughing together table,Four men with baseball caps and logo t-shirts laughing together at a table
contradiction,single person stand heavily-eroded cliff-side rock holding bare branch aloft,A single person stands on a heavily-eroded cliff-side rock while holding a bare branch aloft
contradiction,man plaid shirt walking street advertisement chinese,A man in a plaid shirt is walking on a street where there are advertisements in Chinese
contradiction,man woman lying together grassy park field near waterfront,A man and a woman are lying together on a grassy park field near a waterfront
contradiction,family stroller waiting front carousel,Families with strollers waiting in front of a carousel
contradiction,boy work project shop class,A boy works on a project in shop class
contradiction,three men sitting beach dressed orange refuse cart front them,Three men are sitting on a beach dressed in orange with refuse carts in front of them
contradiction,brown dog black white dog run along green grass,A brown dog and black and white dog run along the green grass
contradiction,man blue plaid shirt black pant sitting box holding something hand,A man in a blue plaid shirt with black pants is sitting on a box and holding something in his hand
contradiction,man beer hand listens woman talk,A man with a beer in his hand listens to a woman talk
contradiction,brown dog race field,A brown dog races through a field
contradiction,old indian man dressed rag sleep ground using backpack pillow,An old Indian man dressed in rags sleeps on the ground using his backpack as a pillow
contradiction,person walk outside carrying bag young girl pink walk behind her,A person walks outside carrying a bag while a young girl in pink walks behind her
contradiction,two hiker backpacking snow slope,Two hikers are backpacking up a snow slope
contradiction,child nap floor others stand by,Children nap on a floor while others stand by
contradiction,girl playing soccer green field tree background,A girl playing soccer in a green field with some trees in the background
contradiction,soccer player wearing red uniform walk field game near parking lot,a soccer player wearing a red uniform walks off the field after a game near a parking lot
contradiction,woman play guitar tip,A woman plays guitar for tips
contradiction,wet golden retriever walking lake,a wet golden retriever is walking through a lake
contradiction,bird perched line sort attached pole,A bird is perched on a line of some sort attached to a pole
contradiction,group people examine boat orange flag sitting sand next body water,A group of people examine a boat with an orange flag that is sitting on sand next to a body of water
contradiction,helmeted male airborne bike dirt road,A helmeted male airborne on a bike on a dirt road
contradiction,rescue worker search flashlight slab ruined building,A rescue worker searches with a flashlight under a slab in a ruined building
contradiction,small child red jacket sitting man shoulder holding head,A small child in a red jacket is sitting on a mans shoulders and holding his head
contradiction,four youth elder man woman playing water bottom man swim trunk,Four youth and an elder man and woman playing in water just up to the bottom of mans swim trunks
contradiction,three men hat woman red shirt examine produce presented man blue shirt white hat,Three men in hats and a woman in a red shirt examine the produce presented to them by the man in the blue shirt and white hat
contradiction,two child sitting white blanket child sitting dirt,Two children are sitting on a white blanket while the other child is sitting in the dirt
contradiction,guy attempting perform skateboard trick jumping part white building attempt land concrete outside,A guy is attempting to perform a skateboard trick while jumping over part of a white building in an attempt to land on the concrete outside
contradiction,young man wearing green shirt hat attempt trick skateboard riding skate park next beach,A young man wearing a green shirt and a hat attempts a trick on a skateboard while riding it in a skate park next to a beach
contradiction,man carpentry construction top unfinished building,man doing carpentry or construction on top of an unfinished building
contradiction,toddler sitting bottom slide smiling,A toddler is sitting at the bottom of a slide and smiling
contradiction,couple female talking one flicking cigarette,A couple of females are talking to each other while one is flicking her cigarette
contradiction,people ordering picking food restaurant window,People ordering and picking up food at a restaurant window
contradiction,group people traveling small wooden boat,A group of people traveling in a small wooden boat
contradiction,group people traveling small wooden boat,A group of people traveling in a small wooden boat
contradiction,one female two male musician holding musical equipment,One female and two male musicians holding musical equipment
contradiction,"woman wearing dollar sign glass holding dollar bill stand suitcase say ""lucky"" overflowing cash","A woman wearing dollar sign glasses holding a dollar bill stands with a suitcase that says ""Lucky"" that is overflowing with cash"
contradiction,person riding motorbike person bright yellow jacket watching someone fall bike,A person is riding their motorbike and a person in a bright yellow jacket is watching someone fall off their bike
contradiction,man holding child shoulder,A man is holding a child on his shoulders
contradiction,young child standing snow pile city,Young child standing on a snow pile in a city
contradiction,large group people populate dimly lit room,A large group of people populate a dimly lit room
contradiction,woman red-hair staple paper,A woman with red-hair staples some papers
contradiction,look like quite sweaty smelly dog pile one little rugby ball boy blue seem want more,It looks like quite a sweaty smelly dog pile over one little rugby ball but the boys in blue seem to want it more
contradiction,man tossing knife air another man stand nearby,A man is tossing a knife in the air while another man stands nearby
contradiction,photographer using tripod take picture sunset,A photographer is using a tripod to take a picture of a sunset
contradiction,two men assisting small girl harness,Two men are assisting a small girl in a harness
contradiction,person orange jacket getting rear toyota suv parked front view ocean mountain,A person in an orange jacket getting out of the rear of a Toyota SUV parked in front of a view of the ocean and mountains
contradiction,asian woman purple shirt preparing bowl food younger asian boy sitting near buy asian man eats roll prepares take food chopstick,An Asian woman in a purple shirt preparing a bowl of food for the younger Asian boy sitting near buy while an Asian man eats a roll and prepares to take some food up with his chopsticks
contradiction,two white dog fighting,two white dogs fighting with each other
contradiction,ground boy red sweatshirt leaning holding football two kid,On the ground a boy in a red sweatshirt is leaning over holding a football and two other kids
contradiction,small child giving heavy metal sign,A small child is giving heavy metal signs
contradiction,shirtless man fishing boat,A shirtless man with his fishing boat
contradiction,woman sitting office,A woman sitting in an office
contradiction,"sign indicates ""dangerous shorebreak"" overcast day several people hang beach","A sign indicates ""Dangerous Shorebreak"" on an overcast day while several people hang out on the beach"
contradiction,navy men stand along red carpet salute superior walk by,Navy men stand along a red carpet and salute as their superior walks by
contradiction,blond woman kissing cheek brown-haired man,a blond woman kissing the cheek of a brown-haired man
contradiction,person climbing wooden ladder steep jagged rock cliff,A person is climbing a wooden ladder on a very steep jagged rock cliff
contradiction,woman pose picture child,A woman poses for a picture with a child
contradiction,young boy swing hula hoop child sit floor hoop,A young boy swings a hula hoop while other children sit on the floor with their hoops
contradiction,child floating blue raft woman hold black dog swim nearby,A child floating on a blue raft while a woman holds on to him while a black dog swims nearby
contradiction,multiple men fill scene one white button shirt using cellphone others wearing pink orange green shirt engaged various activity background,Multiple men fill the scene one in a white button up shirt using his cellphone the others wearing pink orange and green shirts engaged in various activities in the background
contradiction,group young boy wearing track jacket stretch leg gym floor sit circle,A group of young boys wearing track jackets stretch their legs on a gym floor as they sit in a circle
contradiction,person sitting rock beside waterfall,A person sitting on a rock beside a waterfall
contradiction,happy woman quite stand front business display closed sign look animated,A happy woman quite stands in front of a business that displays a closed sign and looks very animated
contradiction,child getting pedicure,This child is getting a pedicure
contradiction,robed dancer holding fire stick entertains crowd,A robed dancer holding fire stick entertains a crowd
contradiction,woman swing rope overlooking red farmhouse gated pasture tall tree,A woman swings on a rope overlooking a red farmhouse and gated pastures and tall trees
contradiction,gymnastics performer mid-pose completes jump,A gymnastics performer is in mid-pose as she completes her jump
contradiction,yellow dog running field near mountain,A yellow dog is running in a field near a mountain
contradiction,young woman tight pant talk man street,A young woman in tight pants talks to a man in the street
contradiction,man latex glove black t-shit standing front chevy van,A man with a latex glove and black t-shit is standing in front of a Chevy van
contradiction,young girl laughing chasing pigeon street people walking nearby,A young girl is laughing and chasing pigeons on the street where other people are walking nearby
contradiction,man wearing black coat walking,A man wearing a black coat is walking
contradiction,man striped black white shirt helmet clean wooden floor another one help background,A man with a striped black and white shirt and a helmet cleans wooden floor while another one helps him on the background
contradiction,white brown dog standing back leg next woman table gingerbread house it,A white and brown dog is standing on its back legs next to a woman and a table with a gingerbread house on it
contradiction,woman blue pant light-blue top look hand standing near dirty gray truck surrounded muddy ground,A woman in blue pants and a light-blue top looks down at her hand while standing near a dirty gray truck and surrounded by muddy ground
contradiction,man pushing hand-truck box bending pick pear,A man pushing a hand-truck of boxes is bending over to pick up a pear
contradiction,group men beach chasing another man carrying ball,A group of men on a beach are chasing another man who is carrying a ball
contradiction,two rescue guy looking guy stretcher,Two rescue guys looking at a guy on a stretcher
contradiction,woman sidewalk block sun eye peer street,A woman on the sidewalk blocks the sun from her eyes to peer down the street
contradiction,couple taking break bicycling,A couple is taking a break from bicycling
contradiction,older man sleeping folding chair street,An older man sleeping in a folding chair on the street
contradiction,two men running road carrying canoe,Two men are running down a road and carrying a canoe
contradiction,person swimming swimming pool,A person swimming in a swimming pool
contradiction,man summer clothing skiing thin snow,A man in summer clothing skiing on thin snow
contradiction,man suit gold button name tag gesture hand speaks another man dress shirt holding beverage glass,A man in a suit with gold buttons and a name tag gestures with his hands as he speaks to another man in a dress shirt who is holding a beverage in a glass
contradiction,girl wearing pink pull weed,a girl wearing pink pulls weeds
contradiction,two young boy playing duck near water,Two young boys playing with ducks near the water
contradiction,man wearing red swim trunk red swimming cap diving cliff,A man wearing red swim trunks and a red swimming cap is diving off a cliff
contradiction,two people kickboxing others spectating,Two people kickboxing with others spectating
contradiction,crowd gather watch bonfire,A crowd gathers and watches a bonfire
contradiction,woman wearing red helmet holding rope smiling,A woman wearing a red helmet is holding a rope and smiling
contradiction,police person motorcycle side street,A police person is on a motorcycle on the side of a street
contradiction,street performer entertaining gathered audience help young boy,A street performer is entertaining a gathered audience with the help of a young boy
contradiction,green trash truck road person sweeping sidewalk,There is a green trash truck in road with a person sweeping sidewalk
contradiction,young men drink coffee read book outside building sunny day; older bearded man dark blue shirt glance younger man striped shirt red toy crab table next him,Young men drink coffee and read books just outside some buildings on a sunny day; an older bearded man in a dark blue shirt glances at a younger man in a striped shirt who has a red toy crab on the table next to him
contradiction,two friend laugh,Two friends having a laugh
contradiction,guy surfing lake river boat pulling,A guy surfing in a lake or river while a boat is pulling him
contradiction,boy blue shirt play jumping tent,A boy in a blue shirt plays in a jumping tent
contradiction,man renaissance clothing sitting brick wall,A man in renaissance clothing is sitting on a brick wall
contradiction,child play grass outside near tree,some children play in the grass outside near a tree
contradiction,older man holding sign tattoo soliciting business street,An older man holding a sign for tattoos soliciting business on the street
contradiction,solo cyclist riding windy road,A solo cyclist is riding down a windy road
contradiction,man dressed brown shirt tan short one knee looking type machinery,A man dressed in a brown shirt and tan shorts is down on one knee looking at some type of machinery
contradiction,man rolling suitcase front bunch red flower,A man is rolling a suitcase in front of a bunch of red flowers
contradiction,two worker work attire (windbreakers vests) walking along edge road,Two workers in work attire (windbreakers and vests) walking along the edge of a road
contradiction,person flying air bicycle,A person flying through the air on a bicycle
contradiction,two men renovate brick wall outside,Two men renovate a brick wall outside
contradiction,woman wear robe bikini heel stand stage next flower pot,A woman wears a robe and bikini with heels as she stands on stage next to a flower pot
contradiction,basketball referee watching team player hang hoop,Basketball referee watching a team player hang from the hoop
contradiction,man outdoors looking directly camera front yellow flower,A man is outdoors looking directly at the camera and in front of him is a yellow flower
contradiction,boy green shirt sitting almost empty stadium,A boy in a green shirt is sitting in an almost empty stadium
contradiction,man walk among large tree,The man walks among the large trees
contradiction,runner yellow convoy motorcycle following behind highway bystander watch,A runner in yellow has a convoy of motorcycles following behind him on a highway as bystanders watch
contradiction,painter re-creates old work art museum,Painter re-creates old works of art in a museum
contradiction,young female standing deck boat starring cellphone riding water,A young female standing on the deck of a boat starring at her cellphone while riding on the water
contradiction,firefighter climb ladder towards flame surrounded smoke,A firefighter climbs up a ladder towards flames while surrounded by smoke
contradiction,boy rollerskating street,A boy rollerskating in the street
contradiction,men sitting table church,Men sitting at a table in a church
contradiction,yellow backhoe near large pile dirt rock near blue machine worker standing it,A yellow backhoe near a large pile of dirt and rocks near a blue machine with a worker standing on it
contradiction,man gray uniform cutting something ground man white uniform watching him,A man in gray uniform is cutting something on the ground while a man in white uniform is watching him
contradiction,two woman getting picture taken man underwear,Two women are getting their pictures taken with a man in his underwear
contradiction,two woman getting picture taken man underwear,Two women are getting their pictures taken with a man in his underwear
contradiction,five woman wearing red shirt leaning red car,Five women wearing red shirts are leaning against a red car
contradiction,suv traveling mud,An SUV traveling through mud
contradiction,man wearing purple cap yellow snow goggles periwinkle jacket red backpack move quickly powdery snow near winter tree,A man wearing a purple cap yellow snow goggles a periwinkle jacket and red backpack moves quickly through powdery snow near a winter tree
contradiction,young black man getting hair buzzed off,A young black man is getting his hair buzzed off
contradiction,american wrestler purple singlet wrestler opponent,An American wrestler in a purple singlet wrestlers an opponent
contradiction,people waiting train platform,People waiting on a train platform
contradiction,crowd people standing front statue,A crowd of people standing in front of statues
contradiction,baby green bottom red top lying bed brown white cat also black white cat,A baby with a green bottom and red top lying in bed with a brown and white cat and also a black and white cat
contradiction,baby green bottom red top lying bed brown white cat also black white cat,A baby with a green bottom and red top lying in bed with a brown and white cat and also a black and white cat
contradiction,people sitting inside building lot photography wall,A few people are sitting inside of a building with lots of photography on the walls
contradiction,young male wearing blue hat turned backwards slightly sideways cigarette mouth,A young male wearing a blue hat turned backwards and slightly sideways with a cigarette in his mouth
contradiction,group people standing step front building,A group of people are standing on steps in front of a building
contradiction,woman wearing red work man hat red jacket hiking snow topped mountain,A woman wearing a red work mans hat and red jacket is hiking in the snow topped mountains
contradiction,elderly woman tan nun uniform glass taking picture camera,An elderly woman with a tan nun uniform on and glasses is taking a picture with her camera
contradiction,man woman wearing sunglass embrace one another smiling posing camera,A man and a woman both wearing sunglasses embrace one another while smiling and posing for the camera
contradiction,boy beach run surf towards three people already water,A boy at the beach runs through the surf towards three other people who are already in the water
contradiction,two old woman sitting curb next flower,Two old women sitting on curb next to flowers
contradiction,white dog hold tennis ball mouth field,A white dog holds a tennis ball in its mouth in a field
contradiction,old man pink polo look telescope small child standing next others stand telescope background,An old man in a pink polo looks through a telescope with a small child standing next to him while others stand with their telescopes in the background
contradiction,businessman white sweater conduct necessary business plaza using concrete abutment work table,A businessman in a white sweater conducts necessary business in a plaza using a concrete abutment as a work table
contradiction,businessman white sweater conduct necessary business plaza using concrete abutment work table,A businessman in a white sweater conducts necessary business in a plaza using a concrete abutment as a work table
contradiction,young dark-haired woman red sun visor holding open white umbrella amidst crowd people,A young dark-haired woman with red sun visor holding an open white umbrella amidst a crowd of people
contradiction,black dog chase boy wearing red blue,a black dog chases a boy wearing red and blue
contradiction,man purple tie singing,A man in purple tie is singing
contradiction,racer motorcycle lift one hand air,A racer on a motorcycle lifts one hand in the air
contradiction,man two woman walking wooded path man pushing young child three wheel carriage,A man and two women are walking down a wooded path the man is pushing a young child in a three wheel carriage
contradiction,choir youth singing,A choir of youths are singing
contradiction,sexy young men stand balcony heated conversation,Sexy young men stand on a balcony having a heated conversation
contradiction,woman wearing orange scarf holding cellphone,Woman wearing an orange scarf holding a cellphone
contradiction,politician john mccain talk show,Politician John McCain on a talk show
contradiction,young asian child stand top step nt seem notice person taking picture,A young Asian child stands at the top of some steps and does nt seem to notice the person taking their picture
contradiction,two woman small kitchen lit portrait mr background,Two women are in a small kitchen with a lit up portrait of Mr T in the background
contradiction,young girl airborne fall lake,The young girl is airborne as she falls into the lake
contradiction,girl black skirt blue dress watering flower,A girl in a black skirt and blue dress is watering flowers
contradiction,people wearing sombrero drink shot happily,People wearing sombreros drink shots happily
contradiction,busy street building lined people walking street outside nighttime,A busy street with building lined up and people walking down the street outside and nighttime
contradiction,snowy residential environment man brown jacket gray mustache beard place hand felled log another man blue shirt blurry right side photo,In a snowy residential environment a man with a brown jacket and gray mustache and beard places a hand on a felled log while another man in a blue shirt is blurry on the right side of the photo
contradiction,young boy sits shoulder woman carrying young girl,A young boy sits on the shoulders of a woman who is carrying a young girl
contradiction,man trying hardest climb rope,A man trying his hardest to climb up a rope
contradiction,woman wearing red hat red bandanna followed man red bandanna,A woman wearing a red hat and red bandanna followed by a man in a red bandanna
contradiction,man woman ride mule drawn carriage driver point landmark,A man and woman ride in a mule drawn carriage as the driver points out landmarks
contradiction,young woman wearing paper crown outdoor event,A young woman is wearing a paper crown at an outdoor event
contradiction,man spinning little girl air head,A man is spinning a little girl in the air above his head
contradiction,woman leaning wall shoe off,A woman is leaning against a wall with her shoe off
contradiction,man working i-pad,This man is working with an I-pad
contradiction,people front waterfront 3 people sitting facing young boy run 2 people walk towards water,People in front of waterfront 3 people are sitting down facing each other as a young boy runs and 2 people walk towards the water
contradiction,little kid middle debris field kicking soccer ball,A little kid in the middle of a debris field is kicking a soccer ball
contradiction,little kid middle debris field kicking soccer ball,A little kid in the middle of a debris field is kicking a soccer ball
contradiction,woman white shirt inspects black garment sitting chair festival,A woman in a white shirt inspects a black garment while sitting in a chair at a festival
contradiction,woman wearing sunglass,A woman wearing sunglasses
contradiction,traveling woman black jacket resting shoulder man black jacket,While traveling a woman in a black jacket is resting on the shoulder of a man in a black jacket
contradiction,baseball player act pick baseball hand,A baseball player in the act of pick up a baseball with his hand
contradiction,lab dog standing fallen tree trunk guy background,A lab dog is standing on a fallen tree trunk with a guy in the background
contradiction,swimming wide blue ocean,Swimming in the wide blue ocean
contradiction,three child black dog kennel,Three children in a black dog kennel
contradiction,table several box two coffee cup it woman green sweater opening small box another person (whose head cannot seen) operating small handheld electronic device,By a table with several boxes and two coffee cups on it a woman in a green sweater is opening a small box and another person (whose head cannot be seen) is operating a small handheld electronic device
contradiction,two woman tending herd animal including cow goat near building made primarily stone,Two women are tending to their herd of animals including cows and goats near a building made primarily of stone
contradiction,man woman walk flea market,A man and a woman walk at a flea market
contradiction,woman black walk street front graffited wall,A woman in black walks down the street in front of a graffited wall
contradiction,woman wearing black dress green sweater walking street looking cellphone,A woman wearing a black dress and green sweater is walking down the street looking at her cellphone
contradiction,boy watch woman walking amidst many concrete box,A boy watches a woman walking amidst many concrete boxes
contradiction,man wearing white shirt blue jean well mask mouth stokes fire,A man wearing a white shirt and blue jeans as well as a mask over his mouth stokes a fire
contradiction,woman soccer team competing field,womens soccer team competing on the field
contradiction,"man wearing black pant orange brown striped shirt black bandanna ""just thrown bowling ball"" stance","A man wearing black pants an orange and brown striped shirt and a black bandanna in a ""just thrown a bowling ball"" stance"
contradiction,"man wearing black pant orange brown striped shirt black bandanna ""just thrown bowling ball"" stance","A man wearing black pants an orange and brown striped shirt and a black bandanna in a ""just thrown a bowling ball"" stance"
contradiction,three kid forest standing tree log,Three kids in a forest standing on a tree log
contradiction,two male karate class one air blue orange belt one get kicked face,two males in a karate class one who is in the air with a blue and orange belt and one who is about to get kicked in the face
contradiction,white duck spreading wing sitting water,A white duck is spreading its wings while sitting on the water
contradiction,group girl jumping another girl laying floor,A group of girls jumping over another girl who is laying on the floor
contradiction,boy drag sled snow,A boy drags his sled through the snow
contradiction,two woman observing something together,Two women are observing something together
contradiction,man walk ad,A man walks by an ad
contradiction,man rope calf successfully,A man ropes a calf successfully
contradiction,people slide mountain crevasse slide,People slide over a mountain crevasse on a slide
contradiction,man wait outside garage,A man waits outside a garage
contradiction,people stand around,Some people stand around
contradiction,peep garden,There are peeps in the garden
contradiction,man woman mug shot taken arrested,A man and woman have mug shots taken because they have been arrested
contradiction,child school step,The child is on the school steps
contradiction,child sleeping,The child is sleeping
contradiction,man watching group people hot dog eating contest,A man is watching a group of people having a hot dog eating contest
contradiction,car yellow,The car is yellow
contradiction,dog refusing share,The dogs are refusing to share
contradiction,people watching happening,The people are watching what is happening
contradiction,group friend grabbing bike getting ready morning bike ride,A group of friends are grabbing their bikes getting ready for the morning bike ride
contradiction,people look sky,The people look into the sky
contradiction,three people meeting,Three people are having a meeting
contradiction,men baseball game,The men are at a baseball game
contradiction,woman chastises another,A woman chastises another
contradiction,woman climber attempt pull,A woman climber attempts to pull herself up
contradiction,shoemaker getting ready 16th birthday,The shoemaker is getting ready for his 16th birthday
contradiction,boy girl water,There are boys and girl in the water
contradiction,wave missed boy,The wave missed the boys
contradiction,couple walking dog,THERE IS A COUPLE WALKING THEIR DOGS
contradiction,duck rare breed thought driven extinction year ago,The duck is a rare breed most thought to have been driven into extinction years ago
contradiction,two illiterate men convinced dog write panhandling sign them,These two illiterate men convinced their dog to write a panhandling sign for them
contradiction,boy swim nude seagull eats peanut butter sandwich,A boy swims nude while a seagull eats his peanut butter sandwich
contradiction,child street,There are children in the streets
contradiction,child cannonball pool,A child does a cannonball into a pool
contradiction,man take picture woman,A man takes a picture of a woman
contradiction,four woman walking near dry highway,Four women are walking near the dry highway
contradiction,people work,Some people are at work
contradiction,group people sitting table sharing meal,A group of people are sitting at the tables sharing a meal
contradiction,car convertible,The car is a convertible
contradiction,man lying down sleeping,A man is lying down sleeping
contradiction,dog pool,The dog is in a pool
contradiction,man wear red jacket got accident,Man who wears red jacket got an accident
contradiction,men blackbelts,The men are blackbelts
contradiction,skier road skiying,A skier down the road skiying
contradiction,boy hold laughing nephew sister spray water,The boy holds down his laughing nephew as his sister sprays him with water
contradiction,three girl hold boy girlfriend shoot water him,The three girls hold the boy down while his girlfriend shoots water at him
contradiction,girl tripped attempt jump hurdle,A girl tripped on herself before she attempt to jump over a hurdle
contradiction,hundred shark beach,There are hundreds of sharks on the beach
contradiction,snake eating mouse,A snake eating a mouse
contradiction,snowman taking photo friend,A snowman is taking photos of his friends
contradiction,man writes sport story,A man writes his sports story
contradiction,man holding grape pose painting,A man holding grapes poses for a painting
contradiction,men buying food sidewalk,Men are buying food on the sidewalk
contradiction,man chase dog,A man chases his dog
contradiction,man going store,the man is going to the store
contradiction,woman outside riding competition watch men compete,Women are outside at a riding competition where they watch men compete
contradiction,boy cellphone standing ground,a boy on his cellphone standing on ground
contradiction,boy standing upright skateboard,A boy standing upright on a skateboard
contradiction,shipyard worker unloading ship,Shipyard workers are unloading the ships
contradiction,woman tip-toeing across train track,There was a woman tip-toeing across the train tracks
contradiction,man blue batman man black jonny cash,The man in blue is Batman and the man in black is Jonny Cash
contradiction,people military training,People in the military are training
contradiction,dog chasing rabbit,The dogs are chasing a rabbit
contradiction,girl pose selfie mother,A girl poses for a selfie with her mother
contradiction,man bandana running ambulance,The man in the bandana is running after the ambulance
contradiction,cyclist riding morning,The cyclist was riding in the morning
contradiction,woman holding old trashcans carry various objecs,The woman is holding old trashcans to carry various objecs
contradiction,roller blade wheel square,The roller blade wheels are square
contradiction,dog try frozen water,A dog tries out frozen water
contradiction,man riding unicycle,A man is riding a unicycle
contradiction,light dimmed,All of the lights are dimmed
contradiction,man dropped ball,A man has dropped a ball
contradiction,moment fan saw light,The moment the fan saw the light
contradiction,moment fan,The moment has its fan
contradiction,band playing music large venue,The band is playing music at a large venue
contradiction,dog sell woman hat,A dog sells a woman a hat
contradiction,two worker leaf blower blow leaf fun,Two workers with leaf blowers blow leaves at each other for  fun
contradiction,guy sitting fence,Guy sitting on fence
contradiction,man walking stick next street,A man with a walking stick is next to the street
contradiction,bubble machine make candy,The bubble machine makes candy
contradiction,boy listening music,the boy  was listening to music
contradiction,child dead,The child is dead
contradiction,men stuffing face,both men were stuffing their faces
contradiction,dog cow chasing horse,A dog and cow are chasing the horse
contradiction,lady filming party,A lady is filming the party
contradiction,girl wearing black dress blue purse,the girl is wearing a black dress and a blue purse
contradiction,group woman soaked rain,A group of women are soaked from the rain
contradiction,woman wheelchair,The woman is in a wheelchair
contradiction,kid look window,A kid looks out of a window
contradiction,actor broadway,Actors are on Broadway
contradiction,camel rider going bump,Camel rider going over a bump
contradiction,officer actually security guard,The officers are actually security guards
contradiction,dog happy,The dog is happy
contradiction,someone trying take shortcut home,Someone was trying to take a shortcut home
contradiction,man brought horse office,the man brought his horse to the office
contradiction,carry tunnel home,He can carry the tunnel home
contradiction,gil run road cat,A gil runs down the road with her cat
contradiction,sun highest point day,The sun is at its highest point of the day
contradiction,blond woman holding camera looking wall several piece shark it,A blond woman is holding a camera and looking at a wall with several pieces of sharks on it
contradiction,boy playing ball,A boy is playing with a ball
contradiction,two child looking city street binoculars,Two children are looking at a city street through binoculars
contradiction,man stand box near dumpster,A man stands by some boxes near a dumpster
contradiction,basketball player white team make basket,The basketball player on the white team makes the basket
contradiction,child happy`,the child was happy`
contradiction,two girl ther,two girls were ther
contradiction,man buying lottery ticket,A man is buying a lottery ticket
contradiction,woman reading,A woman is reading
contradiction,town well-populated,The town is well-populated
contradiction,white dog stole toy,A white dog stole a toy
contradiction,girl short hair blue shirt holding beer bottle,A girl with short hair and a blue shirt is holding a beer bottle
contradiction,mother daughter fighitn,The mother and daughter are fighitn
contradiction,kid share drink,Kids share a drink
contradiction,two kiled men hold bagpipe,Two kiled men hold bagpipes
contradiction,camera thrown girl,The camera is being thrown by the girl
contradiction,guy ride bike middle park,A guy rides his bike in the middle of a park
contradiction,drawing street,A drawing of a street
contradiction,band backstage,The band is backstage
contradiction,brown dog dancing orange yellow tunnel,A brown dog dancing out of a orange and yellow tunnel
contradiction,boy attending club meeting,A boy is attending a club meeting
contradiction,couple trying figure person across street holding camera,The couple is trying to figure out who the person across the street is who is holding the camera
contradiction,two men lazy,Two men are being lazy
contradiction,boy play ground,Some boys are in the play ground
contradiction,kid watching soccer,Some kids are watching soccer
contradiction,woman white,the woman is white
contradiction,man climbing boy hold rope,There is a man climbing as the boy holds the rope
contradiction,one person present,There is only one person present
contradiction,man wearing blue jumpsuit construction bridge work whistling,The man wearing an blue jumpsuit is doing construction on a bridge work while whistling
contradiction,rooster farm,a rooster on the farm
contradiction,boy splashing others beach,A boy is splashing others at the beach
contradiction,cyclist competing tour de france,Cyclists competing in the Tour de France
contradiction,child cut christmas tree,a child cuts down a christmas tree
contradiction,boy listening,the boy was listening
contradiction,men wearing glass,The men are both wearing glasses
contradiction,child putting fire nearby,The children are putting out a fire nearby
contradiction,man fishing lake,The man is fishing in the lake
contradiction,man working underneath vehicle,The man is working underneath a vehicle
contradiction,man playing snow,A man is playing in the snow
contradiction,people happy throwing party,Some people are happy to be throwing a party
contradiction,three people mouth full food,Three people have their mouths full of food
contradiction,people play,The people are at a play
contradiction,taxi nothing,The taxi has nothing on it
contradiction,woman american green military uniform smiling, A woman in an American green military uniform is smiling
contradiction,man ponytail mustache,There is a man with a ponytail and a mustache
contradiction,four people talking outside,Four people are talking to each other outside
contradiction,two men woman talking people know,The two men and women are talking to people that they know
contradiction,two kid building trampoline scratch,Two kids are building a trampoline from scratch
contradiction,two girl kiss,Two girls kiss
contradiction,lab tech measuring chemical beaker,The lab tech is measuring chemicals in beakers
contradiction,crowd people watching horse race,The crowd of people are watching the horse race
contradiction,man uniform underground,A man in a uniform is underground
contradiction,person getting ready snowboard hill one leg,A person is getting ready to snowboard down a hill with one leg
contradiction,two people paining others face,Two people are paining each others faces
contradiction,one person present,There is only one person present
contradiction,runner give heading finish line,A runner give up before heading to the finish line
contradiction,costume asian,The costume is Asian
contradiction,making office call,He is making office calls
contradiction,people walk train,People walk by a train
contradiction,people train station,People at a train station
contradiction,two shabbily dressed woman hold mics compete rap battle front cheering crowd,Two shabbily dressed women hold mics as they compete in a rap battle in front of a cheering crowd
contradiction,blonde woman drawing cafe window,Blonde woman drawing on a cafe window
contradiction,string quartet practicing,A string quartet is practicing
contradiction,worker working new sidewalk outside restuarant,A worker is working on a new sidewalk outside of a restuarant
contradiction,man taking picture dog woman watch,A man is taking a picture of a dog while a woman watches
contradiction,duffer hit green using sand wedge,A duffer hits to the green using a sand wedge
contradiction,drive first tee,A drive off of the first tee
contradiction,"woman newspaper say ""real change"" ground next","a woman with a newspaper that says ""real change"" on the ground next to her"
contradiction,men selling clothes sport store,The men are selling clothes in a sports store
contradiction,single person stand heavily-eroded cliff-side spaceship,A single person stands on a heavily-eroded cliff-side spaceship
contradiction,walking hand,He is walking on his hands
contradiction,two people playing frisbee park,Two people are playing with a frisbee at a park
contradiction,family dog front carousel,Families have some dogs in front of a carousel
contradiction,boy peek doorway people working shop class project,The boy peeks through a doorway at people working on their shop class project
contradiction,empty trash can sitting beach,Empty trash cans are sitting on a beach
contradiction,two squirrel run acorn grass,Two squirrels run after acorns in the grass
contradiction,man wait table insdie,a man waits tables insdie
contradiction,woman beer,A woman has a beer
contradiction,dog barking window,A dog is barking out of the window
contradiction,old indian man dressed,An old Indian man is dressed up
contradiction,woman carrying girl bag behind,A woman carrying a girl with a bag behind her
contradiction,two people hiking backpack warm weather,Two people are hiking with backpacks on in warm weather
contradiction,child playing childish game others stand by,Children are playing childish games while others stand by
contradiction,soccer ball chasing girl,The soccer ball is chasing the girl
contradiction,soccer player kick score goal,A soccer player kicks and scores a goal
contradiction,music learn litsen,music can be learn by litsen
contradiction,whale lake,A whale is in the lake
contradiction,bird sleeping pole line,A bird is sleeping on a pole line
contradiction,people like sand,People dont like sand
contradiction,man fell bike,The man fell off his bike
contradiction,survivor search meal,A survivor searches for a meal
contradiction,small child standing man,A small child is standing by the man
contradiction,group kid slide water slide parent watch them,A group of kids slide down a water slide as their parents watch them
contradiction,group fighitng eachother,The group is fighitng eachother
contradiction,child sitting dirt,both of the children are sitting in dirt
contradiction,skateboard 8 wheel,The skateboard has 8 wheels
contradiction,leprechaun skateboarding,A leprechaun is skateboarding
contradiction,man tore shed,The man tore down the shed
contradiction,toddler sitting bottom mud slide frowning,A toddler is sitting at the bottom of a mud slide and frowning
contradiction,neither one enjoy smoking,Neither one of them enjoy smoking
contradiction,people waiting table waitress bring food,The people are waiting at their table for the waitress to bring their food
contradiction,group people waiting larger boat,A group of people waiting for a larger boat
contradiction,group people sunken boat,A group of people on a sunken boat
contradiction,four female,There four females
contradiction,handstand business suit,She does a handstand in her business suit
contradiction,person laughed,The other person laughed
contradiction,child big ride man shoulder now,The child is too big to ride on the mans shoulders now
contradiction,man white,the man is white
contradiction,people populating city,The people are populating the city
contradiction,woman shuffling paper,There are women shuffling papers
contradiction,little boy look disgusted ball dirty,A little boy looks disgusted that is ball is dirty
contradiction,man arrested assault knife,A man is being arrested for assault with a knife
contradiction,photographer holding camera hand,The photographer is holding the camera in his hands
contradiction,men tying girl up,The men tying the girl up
contradiction,person driving suv,The person is driving the SUV
contradiction,woman dish,A woman is doing the dishes
contradiction,two dog playing fetch owner,The two dogs are playing fetch with their owners
contradiction,bender strike again!,Bender strikes again!
contradiction,child pretending hand bull,A child pretending his hand is a bull
contradiction,man like fishing boat,The man doesnt like his fishing boat
contradiction,woman conference room,A women in a conference room
contradiction,beach water,The beach is out of water
contradiction,men waving hello speaking superior,Some men are waving hello and speaking to their superior
contradiction,woman know man pictured with,This woman does not know the man she is pictured with
contradiction,person mountain climbing using nothing hand rock,A person is mountain climbing using nothing but his hands and the rocks
contradiction,woman child climb tree,A woman and child climb a tree
contradiction,boy sitting,The boy is sitting down
contradiction,nobody float,Nobody floats
contradiction,men dressed white shirt,Most of the men are dressed in white shirts
contradiction,group boy studying test,A group of boys are studying for a test
contradiction,person going run,The person is going for a run
contradiction,woman sings herself,A woman sings to herself
contradiction,child getting manicure,Child getting a manicure
contradiction,man pant t-shirt fire trick,A man in pants and a t-shirt doing fire tricks
contradiction,woman hanging kid,the woman is hanging out with her kids
contradiction,gymnastics performer stretching,A gymnastics performer is stretching
contradiction,yellow dog going vet,A yellow dog is going to the vet
contradiction,lady dress yelling man road,The lady in a dress is yelling at the man in the road
contradiction,man van caught victim,a man in his van because he caught his victim
contradiction,young girl chase bird,A young girl chases some birds
contradiction,naked man walking,A naked man walking
contradiction,man referring floor cleaner battle,The man is referring a floor cleaner battle
contradiction,dog decorating gingerbread house,The dog is decorating the gingerbread house
contradiction,woman blue pant shirt look truck disgust never seen anything dirty,The woman in blue pants and shirt looks up at the truck with disgust as she has never seen anything so dirty
contradiction,man pushing pear picking box,A man is pushing a pear and picking up boxes
contradiction,men mal,The men are at the mal
contradiction,man throwing stretcher,A man throwing a stretcher
contradiction,woman covering eye bright concert light,A woman is covering her eyes from the bright concert lights
contradiction,couple racing bike,a couple are racing each other on their bikes
contradiction,man looking ground,A man is looking at the ground
contradiction,men paddling canoe river,The men are paddling a canoe down a river
contradiction,person trying get wet,a person is trying not to get wet
contradiction,man bundled cold ski,A man is bundled up against the cold as he skis
contradiction,man suit gold brick name tag gesture hand,A man in a suit with gold bricks and a name tag gestures with his hands
contradiction,indoors,She is indoors
contradiction,two young boy playing home,Two young boys are playing at home
contradiction,man attempting suicide,The man is attempting suicide
contradiction,two people ticking,Two people ticking each other
contradiction,crowd gather watch street performer,A crowd gathers to watch a street performer
contradiction,female acrobat walking across tightrope circus,A female acrobat is walking across a tightrope at the circus
contradiction,person bike,A person is on a bike
contradiction,boy performing stage,A boy is performing on stage
contradiction,woman mop,A woman mops
contradiction,older bearded man indeed gandalf grey,The older bearded man is indeed Gandalf the Grey
contradiction,two friend picnic,Two friends are having a picnic
contradiction,man riding flying surfboard,The man is riding a flying surfboard
contradiction,see wild boy natural enviroment,Here we see a wild boy in his natural enviroment
contradiction,man jean,the man is in jeans
contradiction,child playing outside climbing tree,Children playing outside climbing trees
contradiction,man vangogh,The man is VanGogh
contradiction,cyclist riding,The cyclist is not riding
contradiction,man wearing tan pant,The man is wearing tan pants
contradiction,thi,Thi
contradiction,worker wearing safty gear,The workers were wearing safty gear
contradiction,person riding bike hill,A person is riding his bike up the hill
contradiction,men break,Both of the men are on break
contradiction,woman dress standing next flower pot,A woman is a dress is standing next to a flower pot
contradiction,woman watching game,A woman watching the game
contradiction,man near red flower,The man is near a red flower
contradiction,boy cheering team,A boy is cheering for his team
contradiction,ma walking next dog,The mas is walking next to dogs
contradiction,speedwalker next car,A speedwalker next to cars
contradiction,painter creating original work art,A painter creating an original work of art
contradiction,girl talking landline,A girl is talking on a landline
contradiction,firefighter start fire,A firefighter starts a fire
contradiction,boy skating hockey stick,A boy is skating with a hockey stick
contradiction,men pray alters,The men pray at the alters
contradiction,worker break,A worker is on a break
contradiction,men hosting news show,The men are hosting a news show
contradiction,one woman picture,The is one woman in the picture
contradiction,woman underwear,The women are in their underwear
contradiction,everyone wearing blue look red due sun glare,Everyone is wearing blue but looks red due to the sun glare
contradiction,four wheeler passing,A four wheeler is passing
contradiction,man making snow angel,The man is making a snow angel
contradiction,lady hair salon,The lady is at the hair salon
contradiction,one person,There is only one person
contradiction,people survive horrible train crash,People survive a horrible train crash
contradiction,statue actually gargoyle came life,The statue is actually a gargoyle and it came to life
contradiction,baby sits cat,The baby sits on the cats
contradiction,person cry near animal,The person is crying near some animals
contradiction,people attending outdoor art festival,The people are attending an outdoor art festival
contradiction,man wearing cowboy hat,A man is wearing a cowboy hat
contradiction,man blue shirt pose camera,A man in a blue shirt poses for the camera
contradiction,person wood,A person is in the woods
contradiction,woman green nun uniform,A woman is in a green nun uniform
contradiction,two men take picture together,Two men take a picture together
contradiction,boy cant swim go beach family,A boy cant swim so he didnt go to the beach with his family
contradiction,two old woman hate flower would near,Two old women hate flowers and would not be near them
contradiction,dog chasing rolling tennis ball,The dog is chasing after a rolling tennis ball
contradiction,old elephant pink polo look telescope small child standing next,An old elephant in a pink polo looks through a telescope with a small child standing next to him
contradiction,man suit,man in suit
contradiction,man lunch break,man on lunch break
contradiction,dark haired girl making scene amoungst crowd hitting people umbrella,The dark haired girl is making a scene amoungst the crowd for hitting people with her umbrella
contradiction,dog chase tail,a dog chases his tail
contradiction,man talking others,A man is talking to others
contradiction,person wave camera,A person waves at the camera
contradiction,two guy kidnap woman,Two guys kidnap a woman
contradiction,child singing home,the children are singing at home
contradiction,young men complete agreement,The young men are in complete agreement
contradiction,woman wearing blue scarf working factory,A woman wearing a blue scarf is working at a factory
contradiction,john mccain hosting talk show,John McCain is hosting a talk show
contradiction,child notice mom taking picture,A child notices his mom taking a picture
contradiction,hanging mr rogers,They are hanging out with Mr Rogers
contradiction,girl tripped fallen pile raked leaf,A girl has tripped and fallen into a pile of raked leaves
contradiction,girl putting water pot,The girl is putting water in the pot
contradiction,mourner toast lost loved one,Mourners toast their lost loved ones
contradiction,nobody lined,Nobody is lined up
contradiction,men put fire,The men have put out a fire
contradiction,woman driving kid around,A woman is driving her kids around
contradiction,man climbing rope escaping swarm bed bug,The man climbing the rope is escaping a swarm of bed bugs
contradiction,couple wearing yellow bandana,The couple are wearing yellow bandanas
contradiction,couple driving,The couple is driving
contradiction,woman ski lodge,the woman is at a ski lodge
contradiction,man playing monopoly little girl,A man is playing Monopoly with a little girl
contradiction,woman standing high heel leaning wall,A woman is standing in high heels leaning against a wall
contradiction,man pc,the man has a pc
contradiction,3 people seated back,3 people are seated with their backs against each other
contradiction,boy getting filthy playing wreckage fallen building,A boy is getting filthy while playing in the wreckage of a fallen building
contradiction,child exercising among garbage,A child is exercising among garbage
contradiction,woman drink beer,A woman drinks a beer
contradiction,woman speaking latin,A woman is speaking latin
contradiction,man rest woman shoulder,A man rests on a womans shoulder
contradiction,baseball player catching baseball,A baseball player catching a baseball
contradiction,guy carrying pet near fallen tree,there is a guy carrying his pet with him near fallen tree
contradiction,ocean swim blue wideness,The ocean swims in the blue wideness
contradiction,dog kennel,There are dogs in the kennel
contradiction,member congress opening care package,Members of congress opening care packages
contradiction,woman next big elementary school,The women are next to a big elementary school
contradiction,man woman high priced store,The man and women are at a high priced store
contradiction,young woman standing staring painted mural,A young woman is standing and staring at a painted mural
contradiction,woman cell phone ear,A woman has her cell phone up to her ear
contradiction,woman checking men,A woman is checking out the men
contradiction,guy cloth pant shirt wearing something face protect hist lung put fire,A guy in cloth pants and shirt is wearing something on his face to protect hist lungs puts out a fire
contradiction,woman playing soccer mar,The women are playing soccer on Mars
contradiction,man wearing white pant,The man is wearing white pants
contradiction,bandana expensive,The bandana is expensive
contradiction,child chopping tree wood,Children chopping down tree in woods
contradiction,two people jump kick,two people do jump kicks
contradiction,duck kept wing intact dived water catch fish,The duck kept its wings intact when it dived under the water to catch some fish
contradiction,gorup girl laying down,A gorup of girl is laying down
contradiction,boy drag dog,a boy drags his dog
contradiction,two woman standing eye closed,Two women are standing with their eyes closed
